序号,链接,节点数
0,https://aUFQOL.absslk.xyz/985ed1a2828e0c459cc8d1c6fc6294f2,0
1,https://fK8GOO.mcsslk.xyz/8e0bda5f82b0e5af4e59add4ce74dc41,0
2,https://gitlab.com/colloq168/nodefiltrate/-/raw/main/filtrate?ref_type=heads,0
3,https://raw.githubusercontent.com/Alvin9999/pac2/master/clash.meta2/1/config.yaml,1
4,https://raw.githubusercontent.com/Alvin9999/pac2/master/clash.meta2/13/config.yaml,1
5,https://raw.githubusercontent.com/Alvin9999/pac2/master/clash.meta2/15/config.yaml,1
6,https://raw.githubusercontent.com/Alvin9999/pac2/master/clash.meta2/2/config.yaml,1
7,https://raw.githubusercontent.com/Alvin9999/pac2/master/clash.meta2/config.yaml,1
8,https://raw.githubusercontent.com/Huibq/TrojanLinks/master/links/vmess,0
9,https://raw.githubusercontent.com/Surfboardv2ray/TGParse/main/python/hy2,1
10,https://raw.githubusercontent.com/Surfboardv2ray/TGParse/main/python/hysteria2,69
11,https://raw.githubusercontent.com/qjlxg/hy2/main/splitted/hy2,0
12,https://raw.githubusercontent.com/ripaojiedian/freenode/main/clash,17
13,https://raw.githubusercontent.com/ripaojiedian/freenode/main/sub,17
14,https://raw.githubusercontent.com/zhangkaiitugithub/passcro/main/speednodes.yaml,28
15,dynamic://peasoft,0

总计,,97
